project_id,time_period,pmb_budget,actual_cost,progress_pct,revenue_claimed,actual_date,baseline_start_date
P01,Month-1,31412.94,9434.08,0.83,13592.63,2011-04-01,2011-04-01
P01,Month-2,125265.29,92062.94,6.64,95032.71,2011-05-01,2011-04-01
P01,Month-3,262455.98,186863.9,17.6,179233.29,2011-06-01,2011-04-01
P01,Month-4,196043.61,211938.07,31.12,221093.75,2011-07-01,2011-04-01
P01,Month-5,442296.28,241956.23,46.44,250489.28,2011-08-01,2011-04-01
P01,Month-6,480449.03,262601.08,71.19,404608.08,2011-09-01,2011-04-01
P01,Month-7,95970.88,288093.74,89.29,296087.37,2011-10-01,2011-04-01
P02,Month-1,101895.17,78767.33,11.46,106161.23,2011-04-01,2011-04-01
P02,Month-2,342409.98,299185.08,45.43,314524.89,2011-05-01,2011-04-01
P02,Month-3,472893.45,317045.05,84.51,361959.1,2011-06-01,2011-04-01
P03,Month-1,82957.93,25530.02,1.65,24095.94,2011-10-01,2011-10-01
P03,Month-2,241464.33,265103.45,18.39,243792.17,2011-11-01,2011-10-01
P03,Month-3,330723.56,294360.16,36.69,266653.46,2011-12-01,2011-10-01
P03,Month-4,179383.96,170629.24,51.66,218084.19,2012-01-01,2011-10-01
P03,Month-5,591740.22,345782.64,91.92,586450.3,2012-02-01,2011-10-01
P03,Month-6,16918.1,14598.06,93.4,21580.63,2012-03-01,2011-10-01
P03,Month-7,0.0,1870.36,93.68,4083.33,2012-04-01,2011-10-01
P03,Month-8,0.0,0.0,93.68,0.0,2012-05-01,2011-10-01
P04,Month-1,102620.94,48774.64,6.92,46787.8,2011-05-01,2011-05-01
P04,Month-2,106984.06,81652.52,18.02,75005.21,2011-06-01,2011-05-01
P04,Month-3,106984.06,157596.31,41.87,161148.57,2011-07-01,2011-05-01
P04,Month-4,106984.06,102100.56,56.19,96801.99,2011-08-01,2011-05-01
P04,Month-5,107587.76,130709.58,79.97,160660.96,2011-09-01,2011-05-01
P04,Month-6,122076.57,138329.96,99.42,131414.54,2011-10-01,2011-05-01
P04,Month-7,22528.65,1418.76,100.0,3947.03,2011-11-01,2011-05-01
P05,Month-1,143744.76,136682.83,9.84,100331.77,2011-09-01,2011-09-01
P05,Month-2,349703.05,365794.22,46.19,370482.68,2011-10-01,2011-09-01
P05,Month-3,139554.47,106894.3,56.44,104505.92,2011-11-01,2011-09-01
P05,Month-4,139073.22,95698.3,64.97,86970.91,2011-12-01,2011-09-01
P05,Month-5,100424.14,43104.31,58.48,0.0,2012-01-01,2011-09-01
P05,Month-6,41421.04,25382.35,60.81,23704.49,2012-02-01,2011-09-01
P05,Month-7,42418.89,38174.02,64.91,41839.99,2012-03-01,2011-09-01
P05,Month-8,63052.72,12245.43,92.53,281546.13,2012-04-01,2011-09-01
P05,Month-9,0.0,89089.81,92.53,0.0,2012-05-01,2011-09-01
P05,Month-10,0.0,4466.6,92.53,0.0,2012-06-01,2011-09-01
P05,Month-11,0.0,3885.07,92.53,0.0,2012-07-01,2011-09-01
P06,Month-1,69490.19,51307.14,2.27,63908.12,2011-10-01,2011-10-01
P06,Month-2,138641.32,118160.88,5.68,96248.35,2011-11-01,2011-10-01
P06,Month-3,72761.55,44620.46,6.81,32037.79,2011-12-01,2011-10-01
P06,Month-4,129518.05,95050.25,10.31,98725.66,2012-01-01,2011-10-01
P06,Month-5,175945.91,110758.84,14.3,112666.36,2012-02-01,2011-10-01
P06,Month-6,239307.77,186789.17,21.89,214108.74,2012-03-01,2011-10-01
P06,Month-7,370286.91,292665.44,30.45,241582.04,2012-04-01,2011-10-01
P06,Month-8,508573.62,451921.27,50.46,564534.61,2012-05-01,2011-10-01
P06,Month-9,283731.11,252433.47,59.46,253812.61,2012-06-01,2011-10-01
P06,Month-10,378027.98,381104.58,72.83,377361.69,2012-07-01,2011-10-01
P06,Month-11,437838.58,455136.6,85.07,345398.3,2012-08-01,2011-10-01
P06,Month-12,17380.0,298363.54,95.21,286024.35,2012-09-01,2011-10-01
P06,Month-13,0.0,73667.65,98.54,93829.99,2012-10-01,2011-10-01
P17,Month-1,92447.39,17154.69,1.59,28268.18,2014-04-01,2014-04-01
P17,Month-2,222360.27,197285.26,11.24,171836.51,2014-05-01,2014-04-01
P17,Month-3,313788.93,197057.17,23.64,220868.35,2014-06-01,2014-04-01
P17,Month-4,295951.95,164983.13,33.18,169846.69,2014-07-01,2014-04-01
P17,Month-5,186193.98,82900.73,36.55,60063.91,2014-08-01,2014-04-01
P17,Month-6,120196.79,216653.83,48.09,205457.35,2014-09-01,2014-04-01
P17,Month-7,225284.94,310748.07,60.74,225161.14,2014-10-01,2014-04-01
P17,Month-8,324367.79,284032.18,77.69,301874.85,2014-11-01,2014-04-01
P17,Month-9,0.0,132034.69,82.64,88170.08,2014-12-01,2014-04-01
P17,Month-10,0.0,55152.05,85.32,47646.43,2015-01-01,2014-04-01
P17,Month-11,0.0,34848.0,87.61,40755.02,2015-02-01,2014-04-01
P17,Month-12,0.0,54681.47,100.0,220643.52,2015-03-01,2014-04-01
P17,Month-13,0.0,20196.81,100.0,0.0,2015-04-01,2014-04-01
P18,Month-1,104238.46,136125.86,3.92,91491.27,2014-09-01,2014-09-01
P18,Month-2,419871.98,264291.83,19.63,365977.8,2014-10-01,2014-09-01
P18,Month-3,892551.19,520054.88,57.17,875111.18,2014-11-01,2014-09-01
P18,Month-4,361925.29,264193.61,71.31,329611.95,2014-12-01,2014-09-01
P18,Month-5,185736.27,189224.71,81.11,228400.41,2015-01-01,2014-09-01
P18,Month-6,332957.69,234889.28,95.77,341774.0,2015-02-01,2014-09-01
